x,y,z,type,volume,cycle entry,custom:GFP,custom:sample
-65.39663123273226,-185.42875790157268,0.0,cancer
-48.571210136823794,-185.42875790157268,0.0,cancer
-31.745789040915326,-185.42875790157268,0.0,cancer
-14.92036794500686,-185.42875790157268,0.0,cancer
1.9050531509016082,-185.42875790157268,0.0,cancer
18.730474246810076,-185.42875790157268,0.0,cancer
35.55589534271854,-185.42875790157268,0.0,cancer
52.38131643862701,-185.42875790157268,0.0,cancer
69.20673753453548,-185.42875790157268,0.0,cancer
-90.63476287659496,-170.85751580314536,0.0,cancer
-73.8093417806865,-170.85751580314536,0.0,cancer
-56.983920684778035,-170.85751580314536,0.0,cancer
-40.15849958886957,-170.85751580314536,0.0,cancer
-23.3330784929611,-170.85751580314536,0.0,cancer
-6.507657397052631,-170.85751580314536,0.0,cancer
10.317763698855837,-170.85751580314536,0.0,cancer
27.143184794764302,-170.85751580314536,0.0,cancer
43.96860589067277,-170.85751580314536,0.0,cancer
60.79402698658124,-170.85751580314536,0.0,cancer
77.61944808248971,-170.85751580314536,0.0,cancer
94.44486917839818,-170.85751580314536,0.0,cancer
-115.87289452045766,-156.28627370471804,0.0,cancer
-99.0474734245492,-156.28627370471804,0.0,cancer
-82.22205232864073,-156.28627370471804,0.0,cancer
-65.39663123273226,-156.28627370471804,0.0,cancer
-48.571210136823794,-156.28627370471804,0.0,cancer
-31.745789040915326,-156.28627370471804,0.0,cancer
-14.92036794500686,-156.28627370471804,0.0,cancer
1.9050531509016082,-156.28627370471804,0.0,cancer
18.730474246810076,-156.28627370471804,0.0,cancer
35.55589534271854,-156.28627370471804,0.0,cancer
52.38131643862701,-156.28627370471804,0.0,cancer
69.20673753453548,-156.28627370471804,0.0,cancer
86.03215863044394,-156.28627370471804,0.0,cancer
102.85757972635241,-156.28627370471804,0.0,cancer
119.68300082226088,-156.28627370471804,0.0,cancer
-141.11102616432038,-141.71503160629072,0.0,cancer
-124.2856050684119,-141.71503160629072,0.0,cancer
-107.46018397250343,-141.71503160629072,0.0,cancer
-90.63476287659496,-141.71503160629072,0.0,cancer
-73.8093417806865,-141.71503160629072,0.0,cancer
-56.983920684778035,-141.71503160629072,0.0,cancer
-40.15849958886957,-141.71503160629072,0.0,cancer
-23.3330784929611,-141.71503160629072,0.0,cancer
-6.507657397052631,-141.71503160629072,0.0,cancer
10.317763698855837,-141.71503160629072,0.0,cancer
27.143184794764302,-141.71503160629072,0.0,cancer
43.96860589067277,-141.71503160629072,0.0,cancer
60.79402698658124,-141.71503160629072,0.0,cancer
77.61944808248971,-141.71503160629072,0.0,cancer
94.44486917839818,-141.71503160629072,0.0,cancer
111.27029027430665,-141.71503160629072,0.0,cancer
128.0957113702151,-141.71503160629072,0.0,cancer
-149.5237367122746,-127.1437895078634,0.0,cancer
-132.69831561636613,-127.1437895078634,0.0,cancer
-115.87289452045766,-127.1437895078634,0.0,cancer
-99.0474734245492,-127.1437895078634,0.0,cancer
-82.22205232864073,-127.1437895078634,0.0,cancer
-65.39663123273226,-127.1437895078634,0.0,cancer
-48.571210136823794,-127.1437895078634,0.0,cancer
-31.745789040915326,-127.1437895078634,0.0,cancer
-14.92036794500686,-127.1437895078634,0.0,cancer
1.9050531509016082,-127.1437895078634,0.0,cancer
18.730474246810076,-127.1437895078634,0.0,cancer
35.55589534271854,-127.1437895078634,0.0,cancer
52.38131643862701,-127.1437895078634,0.0,cancer
69.20673753453548,-127.1437895078634,0.0,cancer
86.03215863044394,-127.1437895078634,0.0,cancer
102.85757972635241,-127.1437895078634,0.0,cancer
119.68300082226088,-127.1437895078634,0.0,cancer
136.50842191816935,-127.1437895078634,0.0,cancer
153.33384301407781,-127.1437895078634,0.0,cancer
-157.93644726022885,-112.57254740943608,0.0,cancer
-141.11102616432038,-112.57254740943608,0.0,cancer
-124.2856050684119,-112.57254740943608,0.0,cancer
-107.46018397250343,-112.57254740943608,0.0,cancer
-90.63476287659496,-112.57254740943608,0.0,cancer
-73.8093417806865,-112.57254740943608,0.0,cancer
-56.983920684778035,-112.57254740943608,0.0,cancer
-40.15849958886957,-112.57254740943608,0.0,cancer
-23.3330784929611,-112.57254740943608,0.0,cancer
-6.507657397052631,-112.57254740943608,0.0,cancer
10.317763698855837,-112.57254740943608,0.0,cancer
27.143184794764302,-112.57254740943608,0.0,cancer
43.96860589067277,-112.57254740943608,0.0,cancer
60.79402698658124,-112.57254740943608,0.0,cancer
77.61944808248971,-112.57254740943608,0.0,cancer
94.44486917839818,-112.57254740943608,0.0,cancer
111.27029027430665,-112.57254740943608,0.0,cancer
128.0957113702151,-112.57254740943608,0.0,cancer
144.92113246612357,-112.57254740943608,0.0,cancer
161.74655356203203,-112.57254740943608,0.0,cancer
-166.34915780818307,-98.00130531100876,0.0,cancer
-149.5237367122746,-98.00130531100876,0.0,cancer
-132.69831561636613,-98.00130531100876,0.0,cancer
-115.87289452045766,-98.00130531100876,0.0,cancer
-99.0474734245492,-98.00130531100876,0.0,cancer
-82.22205232864073,-98.00130531100876,0.0,cancer
-65.39663123273226,-98.00130531100876,0.0,cancer
-48.571210136823794,-98.00130531100876,0.0,cancer
-31.745789040915326,-98.00130531100876,0.0,cancer
-14.92036794500686,-98.00130531100876,0.0,cancer
1.9050531509016082,-98.00130531100876,0.0,cancer
18.730474246810076,-98.00130531100876,0.0,cancer
35.55589534271854,-98.00130531100876,0.0,cancer
52.38131643862701,-98.00130531100876,0.0,cancer
69.20673753453548,-98.00130531100876,0.0,cancer
86.03215863044394,-98.00130531100876,0.0,cancer
102.85757972635241,-98.00130531100876,0.0,cancer
119.68300082226088,-98.00130531100876,0.0,cancer
136.50842191816935,-98.00130531100876,0.0,cancer
153.33384301407781,-98.00130531100876,0.0,cancer
170.15926410998628,-98.00130531100876,0.0,cancer
-174.7618683561373,-83.43006321258144,0.0,cancer
-157.93644726022885,-83.43006321258144,0.0,cancer
-141.11102616432038,-83.43006321258144,0.0,cancer
-124.2856050684119,-83.43006321258144,0.0,cancer
-107.46018397250343,-83.43006321258144,0.0,cancer
-90.63476287659496,-83.43006321258144,0.0,cancer
-73.8093417806865,-83.43006321258144,0.0,cancer
-56.983920684778035,-83.43006321258144,0.0,cancer
-40.15849958886957,-83.43006321258144,0.0,cancer
-23.3330784929611,-83.43006321258144,0.0,cancer
-6.507657397052631,-83.43006321258144,0.0,cancer
10.317763698855837,-83.43006321258144,0.0,cancer
27.143184794764302,-83.43006321258144,0.0,cancer
43.96860589067277,-83.43006321258144,0.0,cancer
60.79402698658124,-83.43006321258144,0.0,cancer
77.61944808248971,-83.43006321258144,0.0,cancer
94.44486917839818,-83.43006321258144,0.0,cancer
111.27029027430665,-83.43006321258144,0.0,cancer
128.0957113702151,-83.43006321258144,0.0,cancer
144.92113246612357,-83.43006321258144,0.0,cancer
161.74655356203203,-83.43006321258144,0.0,cancer
178.5719746579405,-83.43006321258144,0.0,cancer
-183.17457890409153,-68.85882111415413,0.0,cancer
-166.34915780818307,-68.85882111415413,0.0,cancer
-149.5237367122746,-68.85882111415413,0.0,cancer
-132.69831561636613,-68.85882111415413,0.0,cancer
-115.87289452045766,-68.85882111415413,0.0,cancer
-99.0474734245492,-68.85882111415413,0.0,cancer
-82.22205232864073,-68.85882111415413,0.0,cancer
-65.39663123273226,-68.85882111415413,0.0,cancer
-48.571210136823794,-68.85882111415413,0.0,cancer
-31.745789040915326,-68.85882111415413,0.0,cancer
-14.92036794500686,-68.85882111415413,0.0,cancer
1.9050531509016082,-68.85882111415413,0.0,cancer
18.730474246810076,-68.85882111415413,0.0,cancer
35.55589534271854,-68.85882111415413,0.0,cancer
52.38131643862701,-68.85882111415413,0.0,cancer
69.20673753453548,-68.85882111415413,0.0,cancer
86.03215863044394,-68.85882111415413,0.0,cancer
102.85757972635241,-68.85882111415413,0.0,cancer
119.68300082226088,-68.85882111415413,0.0,cancer
136.50842191816935,-68.85882111415413,0.0,cancer
153.33384301407781,-68.85882111415413,0.0,cancer
170.15926410998628,-68.85882111415413,0.0,cancer
186.98468520589475,-68.85882111415413,0.0,cancer
-191.58728945204578,-54.287579015726806,0.0,cancer
-174.7618683561373,-54.287579015726806,0.0,cancer
-157.93644726022885,-54.287579015726806,0.0,cancer
-141.11102616432038,-54.287579015726806,0.0,cancer
-124.2856050684119,-54.287579015726806,0.0,cancer
-107.46018397250343,-54.287579015726806,0.0,cancer
-90.63476287659496,-54.287579015726806,0.0,cancer
-73.8093417806865,-54.287579015726806,0.0,cancer
-56.983920684778035,-54.287579015726806,0.0,cancer
-40.15849958886957,-54.287579015726806,0.0,cancer
-23.3330784929611,-54.287579015726806,0.0,cancer
-6.507657397052631,-54.287579015726806,0.0,cancer
10.317763698855837,-54.287579015726806,0.0,cancer
27.143184794764302,-54.287579015726806,0.0,cancer
43.96860589067277,-54.287579015726806,0.0,cancer
60.79402698658124,-54.287579015726806,0.0,cancer
77.61944808248971,-54.287579015726806,0.0,cancer
94.44486917839818,-54.287579015726806,0.0,cancer
111.27029027430665,-54.287579015726806,0.0,cancer
128.0957113702151,-54.287579015726806,0.0,cancer
144.92113246612357,-54.287579015726806,0.0,cancer
161.74655356203203,-54.287579015726806,0.0,cancer
178.5719746579405,-54.287579015726806,0.0,cancer
-183.17457890409153,-39.716336917299486,0.0,cancer
-166.34915780818307,-39.716336917299486,0.0,cancer
-149.5237367122746,-39.716336917299486,0.0,cancer
-132.69831561636613,-39.716336917299486,0.0,cancer
-115.87289452045766,-39.716336917299486,0.0,cancer
-99.0474734245492,-39.716336917299486,0.0,cancer
-82.22205232864073,-39.716336917299486,0.0,cancer
-65.39663123273226,-39.716336917299486,0.0,cancer
-48.571210136823794,-39.716336917299486,0.0,cancer
-31.745789040915326,-39.716336917299486,0.0,cancer
-14.92036794500686,-39.716336917299486,0.0,cancer
1.9050531509016082,-39.716336917299486,0.0,cancer
18.730474246810076,-39.716336917299486,0.0,cancer
35.55589534271854,-39.716336917299486,0.0,cancer
52.38131643862701,-39.716336917299486,0.0,cancer
69.20673753453548,-39.716336917299486,0.0,cancer
86.03215863044394,-39.716336917299486,0.0,cancer
102.85757972635241,-39.716336917299486,0.0,cancer
119.68300082226088,-39.716336917299486,0.0,cancer
136.50842191816935,-39.716336917299486,0.0,cancer
153.33384301407781,-39.716336917299486,0.0,cancer
170.15926410998628,-39.716336917299486,0.0,cancer
186.98468520589475,-39.716336917299486,0.0,cancer
-191.58728945204578,-25.145094818872167,0.0,cancer
-174.7618683561373,-25.145094818872167,0.0,cancer
-157.93644726022885,-25.145094818872167,0.0,cancer
-141.11102616432038,-25.145094818872167,0.0,cancer
-124.2856050684119,-25.145094818872167,0.0,cancer
-107.46018397250343,-25.145094818872167,0.0,cancer
-90.63476287659496,-25.145094818872167,0.0,cancer
-73.8093417806865,-25.145094818872167,0.0,cancer
-56.983920684778035,-25.145094818872167,0.0,cancer
-40.15849958886957,-25.145094818872167,0.0,cancer
-23.3330784929611,-25.145094818872167,0.0,cancer
-6.507657397052631,-25.145094818872167,0.0,cancer
10.317763698855837,-25.145094818872167,0.0,cancer
27.143184794764302,-25.145094818872167,0.0,cancer
43.96860589067277,-25.145094818872167,0.0,cancer
60.79402698658124,-25.145094818872167,0.0,cancer
77.61944808248971,-25.145094818872167,0.0,cancer
94.44486917839818,-25.145094818872167,0.0,cancer
111.27029027430665,-25.145094818872167,0.0,cancer
128.0957113702151,-25.145094818872167,0.0,cancer
144.92113246612357,-25.145094818872167,0.0,cancer
161.74655356203203,-25.145094818872167,0.0,cancer
178.5719746579405,-25.145094818872167,0.0,cancer
195.39739575384897,-25.145094818872167,0.0,cancer
-183.17457890409153,-10.573852720444847,0.0,cancer
-166.34915780818307,-10.573852720444847,0.0,cancer
-149.5237367122746,-10.573852720444847,0.0,cancer
-132.69831561636613,-10.573852720444847,0.0,cancer
-115.87289452045766,-10.573852720444847,0.0,cancer
-99.0474734245492,-10.573852720444847,0.0,cancer
-82.22205232864073,-10.573852720444847,0.0,cancer
-65.39663123273226,-10.573852720444847,0.0,cancer
-48.571210136823794,-10.573852720444847,0.0,cancer
-31.745789040915326,-10.573852720444847,0.0,cancer
-14.92036794500686,-10.573852720444847,0.0,cancer
1.9050531509016082,-10.573852720444847,0.0,cancer
18.730474246810076,-10.573852720444847,0.0,cancer
35.55589534271854,-10.573852720444847,0.0,cancer
52.38131643862701,-10.573852720444847,0.0,cancer
69.20673753453548,-10.573852720444847,0.0,cancer
86.03215863044394,-10.573852720444847,0.0,cancer
102.85757972635241,-10.573852720444847,0.0,cancer
119.68300082226088,-10.573852720444847,0.0,cancer
136.50842191816935,-10.573852720444847,0.0,cancer
153.33384301407781,-10.573852720444847,0.0,cancer
170.15926410998628,-10.573852720444847,0.0,cancer
186.98468520589475,-10.573852720444847,0.0,cancer
-191.58728945204578,3.997389377982472,0.0,cancer
-174.7618683561373,3.997389377982472,0.0,cancer
-157.93644726022885,3.997389377982472,0.0,cancer
-141.11102616432038,3.997389377982472,0.0,cancer
-124.2856050684119,3.997389377982472,0.0,cancer
-107.46018397250343,3.997389377982472,0.0,cancer
-90.63476287659496,3.997389377982472,0.0,cancer
-73.8093417806865,3.997389377982472,0.0,cancer
-56.983920684778035,3.997389377982472,0.0,cancer
-40.15849958886957,3.997389377982472,0.0,cancer
-23.3330784929611,3.997389377982472,0.0,cancer
-6.507657397052631,3.997389377982472,0.0,cancer
10.317763698855837,3.997389377982472,0.0,cancer
27.143184794764302,3.997389377982472,0.0,cancer
43.96860589067277,3.997389377982472,0.0,cancer
60.79402698658124,3.997389377982472,0.0,cancer
77.61944808248971,3.997389377982472,0.0,cancer
94.44486917839818,3.997389377982472,0.0,cancer
111.27029027430665,3.997389377982472,0.0,cancer
128.0957113702151,3.997389377982472,0.0,cancer
144.92113246612357,3.997389377982472,0.0,cancer
161.74655356203203,3.997389377982472,0.0,cancer
178.5719746579405,3.997389377982472,0.0,cancer
195.39739575384897,3.997389377982472,0.0,cancer
-183.17457890409153,18.56863147640979,0.0,cancer
-166.34915780818307,18.56863147640979,0.0,cancer
-149.5237367122746,18.56863147640979,0.0,cancer
-132.69831561636613,18.56863147640979,0.0,cancer
-115.87289452045766,18.56863147640979,0.0,cancer
-99.0474734245492,18.56863147640979,0.0,cancer
-82.22205232864073,18.56863147640979,0.0,cancer
-65.39663123273226,18.56863147640979,0.0,cancer
-48.571210136823794,18.56863147640979,0.0,cancer
-31.745789040915326,18.56863147640979,0.0,cancer
-14.92036794500686,18.56863147640979,0.0,cancer
1.9050531509016082,18.56863147640979,0.0,cancer
18.730474246810076,18.56863147640979,0.0,cancer
35.55589534271854,18.56863147640979,0.0,cancer
52.38131643862701,18.56863147640979,0.0,cancer
69.20673753453548,18.56863147640979,0.0,cancer
86.03215863044394,18.56863147640979,0.0,cancer
102.85757972635241,18.56863147640979,0.0,cancer
119.68300082226088,18.56863147640979,0.0,cancer
136.50842191816935,18.56863147640979,0.0,cancer
153.33384301407781,18.56863147640979,0.0,cancer
170.15926410998628,18.56863147640979,0.0,cancer
186.98468520589475,18.56863147640979,0.0,cancer
-191.58728945204578,33.13987357483711,0.0,cancer
-174.7618683561373,33.13987357483711,0.0,cancer
-157.93644726022885,33.13987357483711,0.0,cancer
-141.11102616432038,33.13987357483711,0.0,cancer
-124.2856050684119,33.13987357483711,0.0,cancer
-107.46018397250343,33.13987357483711,0.0,cancer
-90.63476287659496,33.13987357483711,0.0,cancer
-73.8093417806865,33.13987357483711,0.0,cancer
-56.983920684778035,33.13987357483711,0.0,cancer
-40.15849958886957,33.13987357483711,0.0,cancer
-23.3330784929611,33.13987357483711,0.0,cancer
-6.507657397052631,33.13987357483711,0.0,cancer
10.317763698855837,33.13987357483711,0.0,cancer
27.143184794764302,33.13987357483711,0.0,cancer
43.96860589067277,33.13987357483711,0.0,cancer
60.79402698658124,33.13987357483711,0.0,cancer
77.61944808248971,33.13987357483711,0.0,cancer
94.44486917839818,33.13987357483711,0.0,cancer
111.27029027430665,33.13987357483711,0.0,cancer
128.0957113702151,33.13987357483711,0.0,cancer
144.92113246612357,33.13987357483711,0.0,cancer
161.74655356203203,33.13987357483711,0.0,cancer
178.5719746579405,33.13987357483711,0.0,cancer
195.39739575384897,33.13987357483711,0.0,cancer
-183.17457890409153,47.71111567326443,0.0,cancer
-166.34915780818307,47.71111567326443,0.0,cancer
-149.5237367122746,47.71111567326443,0.0,cancer
-132.69831561636613,47.71111567326443,0.0,cancer
-115.87289452045766,47.71111567326443,0.0,cancer
-99.0474734245492,47.71111567326443,0.0,cancer
-82.22205232864073,47.71111567326443,0.0,cancer
-65.39663123273226,47.71111567326443,0.0,cancer
-48.571210136823794,47.71111567326443,0.0,cancer
-31.745789040915326,47.71111567326443,0.0,cancer
-14.92036794500686,47.71111567326443,0.0,cancer
1.9050531509016082,47.71111567326443,0.0,cancer
18.730474246810076,47.71111567326443,0.0,cancer
35.55589534271854,47.71111567326443,0.0,cancer
52.38131643862701,47.71111567326443,0.0,cancer
69.20673753453548,47.71111567326443,0.0,cancer
86.03215863044394,47.71111567326443,0.0,cancer
102.85757972635241,47.71111567326443,0.0,cancer
119.68300082226088,47.71111567326443,0.0,cancer
136.50842191816935,47.71111567326443,0.0,cancer
153.33384301407781,47.71111567326443,0.0,cancer
170.15926410998628,47.71111567326443,0.0,cancer
186.98468520589475,47.71111567326443,0.0,cancer
-174.7618683561373,62.28235777169175,0.0,cancer
-157.93644726022885,62.28235777169175,0.0,cancer
-141.11102616432038,62.28235777169175,0.0,cancer
-124.2856050684119,62.28235777169175,0.0,cancer
-107.46018397250343,62.28235777169175,0.0,cancer
-90.63476287659496,62.28235777169175,0.0,cancer
-73.8093417806865,62.28235777169175,0.0,cancer
-56.983920684778035,62.28235777169175,0.0,cancer
-40.15849958886957,62.28235777169175,0.0,cancer
-23.3330784929611,62.28235777169175,0.0,cancer
-6.507657397052631,62.28235777169175,0.0,cancer
10.317763698855837,62.28235777169175,0.0,cancer
27.143184794764302,62.28235777169175,0.0,cancer
43.96860589067277,62.28235777169175,0.0,cancer
60.79402698658124,62.28235777169175,0.0,cancer
77.61944808248971,62.28235777169175,0.0,cancer
94.44486917839818,62.28235777169175,0.0,cancer
111.27029027430665,62.28235777169175,0.0,cancer
128.0957113702151,62.28235777169175,0.0,cancer
144.92113246612357,62.28235777169175,0.0,cancer
161.74655356203203,62.28235777169175,0.0,cancer
178.5719746579405,62.28235777169175,0.0,cancer
-183.17457890409153,76.85359987011907,0.0,cancer
-166.34915780818307,76.85359987011907,0.0,cancer
-149.5237367122746,76.85359987011907,0.0,cancer
-132.69831561636613,76.85359987011907,0.0,cancer
-115.87289452045766,76.85359987011907,0.0,cancer
-99.0474734245492,76.85359987011907,0.0,cancer
-82.22205232864073,76.85359987011907,0.0,cancer
-65.39663123273226,76.85359987011907,0.0,cancer
-48.571210136823794,76.85359987011907,0.0,cancer
-31.745789040915326,76.85359987011907,0.0,cancer
-14.92036794500686,76.85359987011907,0.0,cancer
1.9050531509016082,76.85359987011907,0.0,cancer
18.730474246810076,76.85359987011907,0.0,cancer
35.55589534271854,76.85359987011907,0.0,cancer
52.38131643862701,76.85359987011907,0.0,cancer
69.20673753453548,76.85359987011907,0.0,cancer
86.03215863044394,76.85359987011907,0.0,cancer
102.85757972635241,76.85359987011907,0.0,cancer
119.68300082226088,76.85359987011907,0.0,cancer
136.50842191816935,76.85359987011907,0.0,cancer
153.33384301407781,76.85359987011907,0.0,cancer
170.15926410998628,76.85359987011907,0.0,cancer
-174.7618683561373,91.42484196854639,0.0,cancer
-157.93644726022885,91.42484196854639,0.0,cancer
-141.11102616432038,91.42484196854639,0.0,cancer
-124.2856050684119,91.42484196854639,0.0,cancer
-107.46018397250343,91.42484196854639,0.0,cancer
-90.63476287659496,91.42484196854639,0.0,cancer
-73.8093417806865,91.42484196854639,0.0,cancer
-56.983920684778035,91.42484196854639,0.0,cancer
-40.15849958886957,91.42484196854639,0.0,cancer
-23.3330784929611,91.42484196854639,0.0,cancer
-6.507657397052631,91.42484196854639,0.0,cancer
10.317763698855837,91.42484196854639,0.0,cancer
27.143184794764302,91.42484196854639,0.0,cancer
43.96860589067277,91.42484196854639,0.0,cancer
60.79402698658124,91.42484196854639,0.0,cancer
77.61944808248971,91.42484196854639,0.0,cancer
94.44486917839818,91.42484196854639,0.0,cancer
111.27029027430665,91.42484196854639,0.0,cancer
128.0957113702151,91.42484196854639,0.0,cancer
144.92113246612357,91.42484196854639,0.0,cancer
161.74655356203203,91.42484196854639,0.0,cancer
-166.34915780818307,105.99608406697371,0.0,cancer
-149.5237367122746,105.99608406697371,0.0,cancer
-132.69831561636613,105.99608406697371,0.0,cancer
-115.87289452045766,105.99608406697371,0.0,cancer
-99.0474734245492,105.99608406697371,0.0,cancer
-82.22205232864073,105.99608406697371,0.0,cancer
-65.39663123273226,105.99608406697371,0.0,cancer
-48.571210136823794,105.99608406697371,0.0,cancer
-31.745789040915326,105.99608406697371,0.0,cancer
-14.92036794500686,105.99608406697371,0.0,cancer
1.9050531509016082,105.99608406697371,0.0,cancer
18.730474246810076,105.99608406697371,0.0,cancer
35.55589534271854,105.99608406697371,0.0,cancer
52.38131643862701,105.99608406697371,0.0,cancer
69.20673753453548,105.99608406697371,0.0,cancer
86.03215863044394,105.99608406697371,0.0,cancer
102.85757972635241,105.99608406697371,0.0,cancer
119.68300082226088,105.99608406697371,0.0,cancer
136.50842191816935,105.99608406697371,0.0,cancer
153.33384301407781,105.99608406697371,0.0,cancer
-157.93644726022885,120.56732616540103,0.0,cancer
-141.11102616432038,120.56732616540103,0.0,cancer
-124.2856050684119,120.56732616540103,0.0,cancer
-107.46018397250343,120.56732616540103,0.0,cancer
-90.63476287659496,120.56732616540103,0.0,cancer
-73.8093417806865,120.56732616540103,0.0,cancer
-56.983920684778035,120.56732616540103,0.0,cancer
-40.15849958886957,120.56732616540103,0.0,cancer
-23.3330784929611,120.56732616540103,0.0,cancer
-6.507657397052631,120.56732616540103,0.0,cancer
10.317763698855837,120.56732616540103,0.0,cancer
27.143184794764302,120.56732616540103,0.0,cancer
43.96860589067277,120.56732616540103,0.0,cancer
60.79402698658124,120.56732616540103,0.0,cancer
77.61944808248971,120.56732616540103,0.0,cancer
94.44486917839818,120.56732616540103,0.0,cancer
111.27029027430665,120.56732616540103,0.0,cancer
128.0957113702151,120.56732616540103,0.0,cancer
144.92113246612357,120.56732616540103,0.0,cancer
-132.69831561636613,135.13856826382835,0.0,cancer
-115.87289452045766,135.13856826382835,0.0,cancer
-99.0474734245492,135.13856826382835,0.0,cancer
-82.22205232864073,135.13856826382835,0.0,cancer
-65.39663123273226,135.13856826382835,0.0,cancer
-48.571210136823794,135.13856826382835,0.0,cancer
-31.745789040915326,135.13856826382835,0.0,cancer
-14.92036794500686,135.13856826382835,0.0,cancer
1.9050531509016082,135.13856826382835,0.0,cancer
18.730474246810076,135.13856826382835,0.0,cancer
35.55589534271854,135.13856826382835,0.0,cancer
52.38131643862701,135.13856826382835,0.0,cancer
69.20673753453548,135.13856826382835,0.0,cancer
86.03215863044394,135.13856826382835,0.0,cancer
102.85757972635241,135.13856826382835,0.0,cancer
119.68300082226088,135.13856826382835,0.0,cancer
136.50842191816935,135.13856826382835,0.0,cancer
-124.2856050684119,149.70981036225567,0.0,cancer
-107.46018397250343,149.70981036225567,0.0,cancer
-90.63476287659496,149.70981036225567,0.0,cancer
-73.8093417806865,149.70981036225567,0.0,cancer
-56.983920684778035,149.70981036225567,0.0,cancer
-40.15849958886957,149.70981036225567,0.0,cancer
-23.3330784929611,149.70981036225567,0.0,cancer
-6.507657397052631,149.70981036225567,0.0,cancer
10.317763698855837,149.70981036225567,0.0,cancer
27.143184794764302,149.70981036225567,0.0,cancer
43.96860589067277,149.70981036225567,0.0,cancer
60.79402698658124,149.70981036225567,0.0,cancer
77.61944808248971,149.70981036225567,0.0,cancer
94.44486917839818,149.70981036225567,0.0,cancer
111.27029027430665,149.70981036225567,0.0,cancer
128.0957113702151,149.70981036225567,0.0,cancer
-99.0474734245492,164.281052460683,0.0,cancer
-82.22205232864073,164.281052460683,0.0,cancer
-65.39663123273226,164.281052460683,0.0,cancer
-48.571210136823794,164.281052460683,0.0,cancer
-31.745789040915326,164.281052460683,0.0,cancer
-14.92036794500686,164.281052460683,0.0,cancer
1.9050531509016082,164.281052460683,0.0,cancer
18.730474246810076,164.281052460683,0.0,cancer
35.55589534271854,164.281052460683,0.0,cancer
52.38131643862701,164.281052460683,0.0,cancer
69.20673753453548,164.281052460683,0.0,cancer
86.03215863044394,164.281052460683,0.0,cancer
102.85757972635241,164.281052460683,0.0,cancer
-73.8093417806865,178.8522945591103,0.0,cancer
-56.983920684778035,178.8522945591103,0.0,cancer
-40.15849958886957,178.8522945591103,0.0,cancer
-23.3330784929611,178.8522945591103,0.0,cancer
-6.507657397052631,178.8522945591103,0.0,cancer
10.317763698855837,178.8522945591103,0.0,cancer
27.143184794764302,178.8522945591103,0.0,cancer
43.96860589067277,178.8522945591103,0.0,cancer
60.79402698658124,178.8522945591103,0.0,cancer
77.61944808248971,178.8522945591103,0.0,cancer
-48.571210136823794,193.42353665753762,0.0,cancer
-31.745789040915326,193.42353665753762,0.0,cancer
-14.92036794500686,193.42353665753762,0.0,cancer
1.9050531509016082,193.42353665753762,0.0,cancer
18.730474246810076,193.42353665753762,0.0,cancer
35.55589534271854,193.42353665753762,0.0,cancer
70.52582092275058,250.57013964450434,0.0,macrophage
-92.04565115211177,-234.17641391621228,0.0,macrophage
-198.93110384959772,-206.3170357924709,0.0,macrophage
96.77502206822365,-262.56767094479864,0.0,macrophage
64.80375702291941,248.17728969101466,0.0,macrophage
-61.015644950260516,272.20363861617767,0.0,macrophage
245.58118528976203,135.47946352450415,0.0,macrophage
-12.500913683799784,251.54881243166693,0.0,macrophage
236.1624652453676,-112.26268871787649,0.0,macrophage
-53.73410273609259,281.88519705910625,0.0,macrophage
-125.00425037022838,250.45121298199584,0.0,macrophage
259.81371544923974,-16.41127038915234,0.0,macrophage
-218.59752376628717,-149.84472818119417,0.0,macrophage
250.3803282659598,-55.9221851057845,0.0,macrophage
190.9627407598951,230.1632752696059,0.0,macrophage
151.6102908655033,251.48739153952093,0.0,macrophage
-134.3941677606094,-227.89217437830573,0.0,macrophage
-233.69138412671907,93.99750537389447,0.0,macrophage
-142.38314093738313,241.08293448265312,0.0,macrophage
-152.8739178463145,234.06646913592556,0.0,macrophage
-154.42650400797157,225.10785661794247,0.0,macrophage
-224.129324464054,-129.5109198800289,0.0,macrophage
287.75804877572324,-27.490855398351034,0.0,macrophage
-140.58784211739797,242.92037463607966,0.0,macrophage
251.61797205887922,20.748680974529087,0.0,macrophage
67.06254371681567,260.54964342654745,0.0,macrophage
-231.71447126276814,-99.99731637847341,0.0,macrophage
-277.1645307785054,83.76546968148509,0.0,macrophage
-191.97430870338295,196.09689728381923,0.0,macrophage
47.458692100652264,266.700593589301,0.0,macrophage
269.1302253048734,33.50187688124917,0.0,macrophage
116.00836478183271,240.7902509598632,0.0,macrophage
234.91307110684238,169.41780313085204,0.0,macrophage
-187.3739120583022,176.63852428907026,0.0,macrophage
-205.04396688658858,-202.8626370989158,0.0,macrophage
25.395284354299243,-296.33950038381374,0.0,macrophage
-258.3121114057733,-69.1580728215091,0.0,macrophage
288.44853944335836,33.479957872135245,0.0,macrophage
-167.86429185746337,-235.43560702970058,0.0,macrophage
288.2394258141567,19.94587017393842,0.0,macrophage
-138.9472464836085,-235.0705739620286,0.0,macrophage
-236.12918910631996,132.19870049626286,0.0,macrophage
259.5681653769692,78.90118120083575,0.0,macrophage
220.87340702062264,126.53389574207286,0.0,macrophage
-50.06721061404503,-254.17370730369177,0.0,macrophage
-279.25322164343356,6.376889798506343,0.0,macrophage
-257.1703714150838,111.6189531432914,0.0,macrophage
88.61811349973287,-276.1834037751675,0.0,macrophage
237.74447134300112,-135.97638065410595,0.0,macrophage
294.16059025654914,-22.83851962075785,0.0,macrophage
-73.90873662405616,-257.8703505111771,0.0,macrophage
-259.266341835923,-117.93750048502534,0.0,macrophage
162.40086062870995,-191.25715357845127,0.0,macrophage
-92.91138271692849,-264.77921455997284,0.0,macrophage
235.1153282166869,102.36908526473195,0.0,macrophage
71.72350322453407,-274.16678205036425,0.0,macrophage
192.04432157477072,-167.22431261965238,0.0,macrophage
264.2738445854221,40.83751686238524,0.0,macrophage
28.51428774079942,-263.00073020299425,0.0,macrophage
28.839799771018907,-250.07968980905747,0.0,macrophage
-191.08999466196283,-165.10807304990155,0.0,macrophage
13.192596983519488,-254.6334311204921,0.0,macrophage
215.76494653716168,139.77304082178938,0.0,macrophage
-205.51173460848622,211.56963173964857,0.0,macrophage
-113.27374146302016,-254.0965183859957,0.0,macrophage
-277.9723894918038,8.47947180349005,0.0,macrophage
132.15756076726413,-260.6642278504792,0.0,macrophage
-234.75220120628558,-102.87073124470106,0.0,macrophage
4.918360252933914,-288.11526351935464,0.0,macrophage
177.7536535134078,-184.94794890076008,0.0,macrophage
190.6429474251318,200.1469128518945,0.0,macrophage
48.546074168965504,-255.83739598930416,0.0,macrophage
-194.7663080504874,-214.3749817332242,0.0,macrophage
-252.23451763267553,-143.18066099143107,0.0,macrophage
258.8915246259359,-51.28055417212942,0.0,macrophage
263.22752980358024,-4.756327860461155,0.0,macrophage
-253.15720704350056,139.73971322510388,0.0,macrophage
288.3357249390305,57.13526103023638,0.0,macrophage
-31.86220879020345,265.72021919450714,0.0,macrophage
-215.4013150045756,172.58331276535725,0.0,macrophage
165.62433675468398,206.72110130763855,0.0,macrophage
-111.29235170941753,-278.354830252651,0.0,macrophage
-78.41348724265684,-279.55028230449085,0.0,macrophage
-143.0758870767955,227.1824562741434,0.0,macrophage
5.288922377068977,290.5533930396721,0.0,macrophage
-154.69760113164799,-213.84184521450615,0.0,macrophage
-201.0469322155882,211.31233869282008,0.0,macrophage
197.7699313418863,-218.63579945903416,0.0,macrophage
-220.03025367107645,-144.23684214734425,0.0,macrophage
-284.4181811673149,-26.556154805767438,0.0,macrophage
-15.047523556140574,294.19344162418696,0.0,macrophage
39.646384019009695,-266.8626338222968,0.0,macrophage
124.16913343563768,225.051238772371,0.0,macrophage
-194.28419764210363,-175.994426623077,0.0,macrophage
250.7050266396094,67.017856927749,0.0,macrophage
280.15964385322565,-62.4037560936602,0.0,macrophage
-252.07161878474633,-24.780557893878957,0.0,macrophage
-73.76473368110665,-252.0120004657284,0.0,macrophage
-268.70975644304417,99.13184218446017,0.0,macrophage
-108.11587678156849,-242.4823745362403,0.0,macrophage
197.5094026280093,197.06516708979828,0.0,effector T cell
194.9492051828013,-189.8938059961329,0.0,effector T cell
189.2757525343048,-218.68239340339485,0.0,effector T cell
-64.54406917582784,282.2197901263308,0.0,effector T cell
-226.12584938135367,195.49961037260454,0.0,effector T cell
-226.51558055179382,-112.7905395067657,0.0,effector T cell
164.0498758713184,-235.08313816676417,0.0,effector T cell
213.90623387537045,-192.2824231560269,0.0,effector T cell
-198.55363834216703,-202.56740643952264,0.0,effector T cell
-173.6016203900815,213.33063739946854,0.0,effector T cell
